epoch,step,test_acc,test_auc,test_f1,test_loss,test_prec,test_rec
0,0,0.7684864401817322,0.8489519357681274,0.8071657419204712,1.005679726600647,0.8735525608062744,0.7501565217971802
