epoch,step,test_acc,test_auc,test_f1,test_loss,test_prec,test_rec
0,0,0.7932778596878052,0.8698189854621887,0.832853376865387,0.8223711848258972,0.8716529011726379,0.7973608374595642
