epoch,step,test_acc,test_auc,test_f1,test_loss,test_prec,test_rec
0,0,0.777287483215332,0.8636839985847473,0.813442051410675,0.954075813293457,0.8862103819847107,0.7517172694206238
