epoch,step,test_acc,test_auc,test_f1,test_loss,test_prec,test_rec
0,0,0.6806449294090271,0.6912497282028198,0.7633298635482788,0.6073537468910217,0.7321085333824158,0.797332763671875
