epoch,step,test_acc,test_auc,test_f1,test_loss,test_prec,test_rec
0,0,0.7016696929931641,0.751889705657959,0.7702947854995728,0.5971395969390869,0.7662065029144287,0.7744268774986267
