epoch,step,test_acc,test_auc,test_f1,test_loss,test_prec,test_rec
0,0,0.6702864766120911,0.7311519384384155,0.7295467853546143,0.70676189661026,0.7758166790008545,0.6884853839874268
