epoch,step,test_acc,test_auc,test_f1,test_loss,test_prec,test_rec
0,0,0.7009754776954651,0.7328523397445679,0.7715704441070557,0.6850895285606384,0.7615514993667603,0.7818565964698792
