epoch,step,test_acc,test_auc,test_f1,test_loss,test_prec,test_rec
0,0,0.7392220497131348,0.8185998201370239,0.786039412021637,0.9828518629074097,0.8361254930496216,0.7416146993637085
