epoch,step,test_acc,test_auc,test_f1,test_loss,test_prec,test_rec
0,0,0.6726406812667847,0.7068020105361938,0.7440328001976013,0.8558589220046997,0.7516211271286011,0.7365961670875549
