epoch,step,test_acc,test_auc,test_f1,test_loss,test_prec,test_rec
0,0,0.712378203868866,0.7516553401947021,0.7765417695045471,0.7042999267578125,0.7793781161308289,0.7737259864807129
