epoch,step,test_acc,test_auc,test_f1,test_loss,test_prec,test_rec
0,0,0.7070058584213257,0.757841944694519,0.7678452134132385,0.6142733693122864,0.7863881587982178,0.7501565217971802
